Age,Attrition,BusinessTravel,DailyRate,Department,DistanceFromHome,Education,EducationField,EnvironmentSatisfaction,Gender,HourlyRate,JobInvolvement,JobLevel,JobRole,JobSatisfaction,MaritalStatus,MonthlyIncome,MonthlyRate,NumCompaniesWorked,OverTime,PercentSalaryHike,PerformanceRating,RelationshipSatisfaction,StockOptionLevel,TotalWorkingYears,TrainingTimesLastYear,WorkLifeBalance,YearsAtCompany,YearsInCurrentRole,YearsSinceLastPromotion,YearsWithCurrManager
38,0,Travel_Frequently,1444,Human Resources,1,4,Other,4,Male,88,3,1,Human Resources,2,Married,2991,5224,0,Yes,11,3,2,1,7,2,3,6,2,1,2
40,0,Travel_Rarely,1194,Research & Development,2,4,Medical,3,Female,98,3,1,Research Scientist,3,Married,2001,12549,2,No,14,3,2,3,20,2,3,5,3,0,2
29,0,Travel_Rarely,352,Human Resources,6,1,Medical,4,Male,87,2,1,Human Resources,2,Married,2804,15434,1,No,11,3,4,0,1,3,3,1,0,0,0
47,0,Travel_Rarely,571,Sales,14,3,Medical,3,Female,78,3,2,Sales Executive,3,Married,4591,24200,3,Yes,17,3,3,1,11,4,2,5,4,1,2
25,0,Travel_Frequently,772,Research & Development,2,1,Life Sciences,4,Male,77,4,2,Manufacturing Director,3,Divorced,5206,4973,1,No,17,3,3,2,7,6,3,7,7,0,7
49,0,Travel_Rarely,722,Research & Development,25,4,Life Sciences,3,Female,84,3,1,Laboratory Technician,1,Married,3211,22102,1,No,14,3,4,1,10,3,2,9,6,1,4
24,0,Travel_Rarely,350,Research & Development,21,2,Technical Degree,3,Male,57,2,1,Laboratory Technician,1,Divorced,2296,10036,0,No,14,3,2,3,2,3,3,1,1,0,0
47,0,Travel_Rarely,1176,Human Resources,26,4,Life Sciences,4,Female,98,3,5,Manager,3,Married,19658,5220,3,No,11,3,3,1,27,2,3,5,2,1,0
43,0,Travel_Rarely,990,Research & Development,27,3,Technical Degree,4,Male,87,4,1,Laboratory Technician,2,Divorced,4876,5855,5,No,12,3,3,1,8,0,3,6,4,0,2
38,0,Travel_Rarely,345,Sales,10,2,Life Sciences,1,Female,100,3,2,Sales Executive,4,Married,5343,5982,1,No,11,3,3,1,10,1,3,10,7,1,9
30,0,Travel_Rarely,330,Human Resources,1,3,Life Sciences,3,Male,46,3,1,Human Resources,3,Divorced,2064,15428,0,No,21,4,1,1,6,3,4,5,3,1,3
50,0,Travel_Rarely,264,Sales,9,3,Marketing,3,Male,59,3,5,Manager,3,Married,19331,19519,4,Yes,16,3,3,1,27,2,3,1,0,0,0
34,0,Travel_Frequently,426,Research & Development,10,4,Life Sciences,3,Male,42,4,2,Manufacturing Director,4,Divorced,4724,17000,1,No,13,3,1,1,9,3,3,9,7,7,2
30,0,Travel_Rarely,241,Research & Development,7,3,Medical,2,Male,48,2,1,Research Scientist,2,Married,2141,5348,1,No,12,3,2,1,6,3,2,6,4,1,1
35,0,Travel_Rarely,660,Sales,7,1,Life Sciences,4,Male,76,3,1,Sales Representative,3,Married,2404,16192,1,No,13,3,1,1,1,3,3,1,0,0,0
45,0,Travel_Rarely,1005,Research & Development,28,2,Technical Degree,4,Female,48,2,4,Research Director,2,Single,16704,17119,1,No,11,3,3,0,21,2,3,21,6,8,6
52,0,Non-Travel,585,Sales,29,4,Life Sciences,1,Male,40,3,1,Sales Representative,4,Divorced,3482,19788,2,No,15,3,2,2,16,3,2,9,8,0,0
27,0,Travel_Rarely,728,Sales,23,1,Medical,2,Female,36,2,2,Sales Representative,3,Married,3540,7018,1,No,21,4,4,1,9,5,3,9,8,5,8
49,0,Travel_Rarely,271,Research & Development,3,2,Medical,3,Female,43,2,2,Laboratory Technician,1,Married,4789,23070,4,No,25,4,1,1,10,3,3,3,2,1,2
58,0,Travel_Rarely,605,Sales,21,3,Life Sciences,4,Female,72,3,4,Manager,4,Married,17875,11761,4,Yes,13,3,3,1,29,2,2,1,0,0,0
31,0,Travel_Rarely,471,Research & Development,4,3,Medical,1,Female,62,4,1,Laboratory Technician,3,Divorced,3978,16031,8,No,12,3,2,1,4,0,2,2,2,2,2
31,0,Travel_Rarely,1079,Sales,10,2,Medical,3,Female,86,3,2,Sales Executive,4,Divorced,6583,20115,2,Yes,11,3,4,1,8,2,3,5,2,1,4
34,0,Travel_Rarely,1130,Research & Development,3,3,Life Sciences,4,Female,66,3,2,Research Scientist,2,Divorced,5433,19332,1,No,12,3,3,1,11,2,3,11,8,7,9
47,0,Travel_Rarely,207,Research & Development,9,4,Life Sciences,2,Female,64,3,1,Laboratory Technician,3,Single,2105,5411,4,No,12,3,3,0,7,2,3,2,2,2,0
36,0,Travel_Rarely,1120,Sales,11,4,Marketing,2,Female,100,2,2,Sales Executive,4,Married,6652,14369,4,No,13,3,1,1,8,2,2,6,3,0,0
46,0,Travel_Rarely,1254,Sales,10,3,Life Sciences,3,Female,64,3,3,Sales Executive,2,Married,7314,14011,5,No,21,4,3,3,14,2,3,8,7,0,7
42,0,Travel_Rarely,419,Sales,12,4,Marketing,2,Male,77,3,2,Sales Executive,4,Divorced,5087,2900,3,Yes,12,3,3,2,14,4,3,0,0,0,0
34,0,Travel_Rarely,1157,Research & Development,5,2,Medical,2,Male,57,2,2,Laboratory Technician,4,Married,3986,11912,1,No,14,3,3,1,15,3,4,15,10,4,13
37,0,Travel_Rarely,783,Research & Development,7,4,Medical,4,Male,78,3,2,Research Scientist,1,Married,4284,13588,5,Yes,22,4,3,1,16,2,3,5,3,0,4
22,0,Non-Travel,457,Research & Development,26,2,Other,2,Female,85,2,1,Research Scientist,3,Married,2814,10293,1,Yes,14,3,2,0,4,2,2,4,2,1,3
29,0,Travel_Rarely,136,Research & Development,1,3,Life Sciences,1,Male,89,3,2,Healthcare Representative,1,Married,5373,6225,0,No,12,3,1,1,6,5,2,5,3,0,2
53,0,Travel_Rarely,1168,Sales,24,4,Life Sciences,1,Male,66,3,3,Sales Executive,1,Single,10448,5843,6,Yes,13,3,2,0,15,2,2,2,2,2,2
55,0,Travel_Rarely,1441,Research & Development,22,3,Technical Degree,1,Male,94,2,1,Research Scientist,2,Divorced,3537,23737,5,No,12,3,4,1,8,1,3,4,2,1,2
46,0,Travel_Rarely,1319,Sales,3,3,Technical Degree,1,Female,45,4,4,Sales Executive,1,Divorced,13225,7739,2,No,12,3,4,1,25,5,3,19,17,2,8
38,0,Travel_Frequently,1189,Research & Development,1,3,Life Sciences,4,Male,90,3,2,Research Scientist,4,Married,4735,9867,7,No,15,3,4,2,19,4,4,13,11,2,9
39,0,Non-Travel,792,Research & Development,1,3,Life Sciences,4,Male,77,3,2,Laboratory Technician,4,Married,6472,8989,1,Yes,15,3,4,1,9,2,3,9,8,5,8
30,0,Travel_Rarely,305,Research & Development,16,3,Life Sciences,3,Male,58,4,2,Healthcare Representative,3,Married,5294,9128,3,No,16,3,3,1,10,3,3,7,0,1,7
39,0,Travel_Rarely,170,Research & Development,3,2,Medical,3,Male,76,2,2,Laboratory Technician,3,Divorced,3069,10302,0,No,15,3,4,1,11,3,3,10,8,0,7
28,0,Travel_Rarely,329,Research & Development,24,3,Medical,3,Male,51,3,1,Laboratory Technician,2,Married,2408,7324,1,Yes,17,3,3,3,1,3,3,1,1,0,0
26,0,Travel_Rarely,157,Research & Development,1,3,Medical,3,Male,95,3,1,Laboratory Technician,1,Single,2867,20006,0,No,13,3,4,0,8,6,2,7,7,7,6
44,0,Travel_Rarely,921,Research & Development,2,3,Life Sciences,3,Female,96,4,3,Healthcare Representative,4,Married,7879,14810,1,Yes,19,3,2,1,9,2,3,8,7,6,7
41,0,Travel_Rarely,930,Sales,3,3,Life Sciences,3,Male,57,2,2,Sales Executive,2,Divorced,8938,12227,2,No,11,3,3,1,14,5,3,5,4,0,4
45,0,Travel_Frequently,1297,Research & Development,1,4,Medical,2,Male,44,3,2,Healthcare Representative,3,Single,5399,14511,4,No,12,3,3,0,12,3,3,4,2,0,3
55,0,Travel_Rarely,1229,Research & Development,4,4,Life Sciences,4,Male,30,3,2,Healthcare Representative,3,Married,4035,16143,0,Yes,16,3,2,0,4,2,3,3,2,1,2
33,0,Travel_Frequently,1303,Research & Development,7,2,Life Sciences,4,Male,36,3,2,Healthcare Representative,3,Divorced,5968,18079,1,No,20,4,3,3,9,2,3,9,7,2,8
32,0,Travel_Rarely,634,Research & Development,5,4,Other,2,Female,35,4,1,Research Scientist,4,Married,3312,18783,3,No,17,3,4,2,6,3,3,3,2,0,2
29,0,Travel_Rarely,1246,Sales,19,3,Life Sciences,3,Male,77,2,2,Sales Executive,3,Divorced,8620,23757,1,No,14,3,3,2,10,3,3,10,7,0,4
56,0,Non-Travel,667,Research & Development,1,4,Life Sciences,3,Male,57,3,2,Healthcare Representative,3,Divorced,6306,26236,1,No,21,4,1,1,13,2,2,13,12,1,9
27,0,Travel_Frequently,1131,Research & Development,15,3,Life Sciences,4,Female,77,2,1,Research Scientist,1,Married,4774,23844,0,No,19,3,4,1,8,2,2,7,6,7,3
26,0,Travel_Rarely,920,Human Resources,20,2,Medical,4,Female,69,3,1,Human Resources,2,Married,2148,6889,0,Yes,11,3,3,0,6,3,3,5,1,1,4
34,0,Travel_Rarely,181,Research & Development,2,4,Medical,4,Male,97,4,1,Research Scientist,4,Married,2932,5586,0,Yes,14,3,1,3,6,3,3,5,0,1,2
42,0,Non-Travel,355,Research & Development,10,4,Technical Degree,3,Male,38,3,1,Research Scientist,3,Married,2936,6161,3,No,22,4,2,2,10,1,2,6,3,3,3
27,0,Travel_Rarely,1054,Research & Development,8,3,Medical,3,Female,67,3,1,Research Scientist,4,Single,3445,6152,1,No,11,3,3,0,6,5,2,6,2,1,4
34,0,Travel_Rarely,704,Sales,28,3,Marketing,4,Female,95,2,2,Sales Executive,3,Married,6712,8978,1,No,21,4,4,2,8,2,3,8,7,1,7
36,0,Travel_Rarely,557,Sales,3,3,Medical,1,Female,94,2,3,Sales Executive,4,Married,7644,12695,0,No,19,3,3,2,10,2,3,9,7,3,4
39,0,Travel_Frequently,711,Research & Development,4,3,Medical,1,Female,81,3,2,Manufacturing Director,3,Single,5042,3140,0,No,13,3,4,0,10,2,1,9,2,3,8
41,0,Travel_Rarely,337,Sales,8,3,Marketing,3,Female,54,3,2,Sales Executive,2,Married,4393,26841,5,No,21,4,3,1,14,3,3,5,4,1,4
45,0,Non-Travel,1238,Research & Development,1,1,Life Sciences,3,Male,74,2,3,Healthcare Representative,3,Married,10748,3395,3,No,23,4,4,1,25,3,2,23,15,14,4
40,0,Travel_Rarely,1342,Sales,9,2,Medical,1,Male,47,3,2,Sales Executive,1,Married,5473,19345,0,No,12,3,4,0,9,5,4,8,4,7,1
44,0,Travel_Rarely,1037,Research & Development,1,3,Medical,2,Male,42,3,1,Research Scientist,4,Single,2436,13422,6,Yes,12,3,3,0,6,2,3,4,3,1,2
50,0,Travel_Frequently,1234,Research & Development,20,5,Medical,2,Male,41,3,4,Healthcare Representative,3,Married,11245,20689,2,Yes,15,3,3,1,32,3,3,30,8,12,13
26,0,Travel_Rarely,572,Sales,10,3,Medical,3,Male,46,3,2,Sales Executive,4,Single,4684,9125,1,No,13,3,1,0,5,4,3,5,3,1,2
24,0,Travel_Rarely,506,Research & Development,29,1,Medical,2,Male,91,3,1,Laboratory Technician,1,Divorced,3907,3622,1,No,13,3,2,3,6,2,4,6,2,1,2
49,0,Travel_Rarely,301,Research & Development,22,4,Other,1,Female,72,3,4,Research Director,2,Married,16413,3498,3,No,16,3,2,2,27,2,3,4,2,1,2
31,0,Travel_Frequently,1125,Research & Development,1,3,Life Sciences,4,Male,48,1,2,Research Scientist,1,Married,5003,5771,1,No,21,4,2,0,10,6,3,10,8,8,7
40,0,Travel_Rarely,1194,Research & Development,1,3,Life Sciences,3,Female,52,3,2,Healthcare Representative,4,Divorced,6513,9060,4,No,17,3,4,1,12,3,3,5,3,0,3
32,0,Travel_Rarely,824,Research & Development,5,2,Life Sciences,4,Female,67,2,2,Research Scientist,2,Married,5878,15624,3,No,12,3,1,1,12,2,3,7,1,2,5
47,0,Non-Travel,543,Sales,2,4,Marketing,3,Male,87,3,2,Sales Executive,2,Married,4978,3536,7,No,11,3,4,1,4,3,1,1,0,0,0
34,0,Travel_Frequently,735,Research & Development,22,4,Other,3,Male,86,2,2,Research Scientist,4,Married,5747,26496,1,Yes,15,3,2,0,16,3,3,15,10,6,11
47,0,Non-Travel,1169,Research & Development,14,4,Technical Degree,3,Male,64,3,2,Research Scientist,2,Married,5467,2125,8,No,18,3,3,1,16,4,4,8,7,1,7
28,0,Travel_Rarely,1475,Sales,13,2,Marketing,4,Female,84,3,2,Sales Executive,3,Single,9854,23352,3,Yes,11,3,4,0,6,0,3,2,0,2,2
45,0,Travel_Rarely,176,Human Resources,4,3,Life Sciences,3,Female,56,1,3,Human Resources,3,Married,9756,6595,4,No,21,4,3,2,9,2,4,5,0,0,3
46,0,Travel_Rarely,1277,Sales,2,3,Life Sciences,3,Male,74,3,3,Sales Executive,4,Divorced,10368,5596,4,Yes,12,3,2,1,13,5,2,10,6,0,3
39,0,Travel_Rarely,835,Research & Development,19,4,Other,4,Male,41,3,2,Research Scientist,4,Divorced,3902,5141,8,No,14,3,2,3,7,2,3,2,2,2,2
29,0,Travel_Rarely,469,Sales,10,3,Medical,3,Male,42,2,2,Sales Executive,3,Single,5869,23413,9,No,11,3,3,0,8,2,3,5,2,1,4
23,0,Travel_Rarely,507,Research & Development,20,1,Life Sciences,1,Male,97,3,2,Laboratory Technician,3,Single,2272,24812,0,No,14,3,2,0,5,2,3,4,3,1,2
40,0,Travel_Rarely,1322,Research & Development,2,4,Life Sciences,3,Male,52,2,1,Research Scientist,3,Single,2809,2725,2,No,14,3,4,0,8,2,3,2,2,2,2
55,0,Travel_Rarely,836,Research & Development,2,4,Technical Degree,2,Male,98,2,1,Research Scientist,4,Married,2662,7975,8,No,20,4,2,1,19,2,4,5,2,0,4
32,0,Travel_Frequently,1318,Sales,10,4,Marketing,4,Male,79,3,2,Sales Executive,4,Single,4648,26075,8,No,13,3,3,0,4,2,4,0,0,0,0
31,0,Travel_Rarely,359,Human Resources,18,5,Human Resources,4,Male,89,4,1,Human Resources,1,Married,2956,21495,0,No,17,3,3,0,2,4,3,1,0,0,0
46,0,Travel_Rarely,717,Research & Development,13,4,Life Sciences,3,Male,34,3,2,Healthcare Representative,2,Single,5562,9697,6,No,14,3,4,0,19,3,3,10,7,0,9
25,0,Travel_Rarely,1382,Sales,8,2,Other,1,Female,85,3,2,Sales Executive,3,Divorced,4907,13684,0,Yes,22,4,2,1,6,3,2,5,3,0,4
28,0,Travel_Rarely,1404,Research & Development,17,3,Technical Degree,3,Male,32,2,1,Laboratory Technician,4,Divorced,2367,18779,5,No,12,3,1,1,6,2,2,4,1,0,3
28,0,Travel_Rarely,1217,Research & Development,1,3,Medical,3,Female,67,3,1,Research Scientist,1,Married,3591,12719,1,No,25,4,3,1,3,3,3,3,2,1,2
34,0,Travel_Rarely,678,Research & Development,19,3,Life Sciences,2,Female,35,2,1,Research Scientist,4,Married,2929,20338,1,No,12,3,2,0,10,3,3,10,9,8,7
37,0,Travel_Rarely,589,Sales,9,2,Marketing,2,Male,46,2,2,Sales Executive,2,Married,4189,8800,1,No,14,3,1,2,5,2,3,5,2,0,3
39,0,Travel_Rarely,867,Research & Development,9,2,Medical,1,Male,87,3,2,Manufacturing Director,1,Married,5151,12315,1,No,25,4,4,1,10,3,3,10,0,7,9
36,0,Travel_Rarely,711,Research & Development,5,4,Life Sciences,2,Female,42,3,3,Healthcare Representative,1,Married,8008,22792,4,No,12,3,3,2,9,6,3,3,2,0,2
26,0,Travel_Rarely,1167,Sales,5,3,Other,4,Female,30,2,1,Sales Representative,3,Single,2966,21378,0,No,18,3,4,0,5,2,3,4,2,0,0
41,0,Travel_Rarely,447,Research & Development,5,3,Life Sciences,2,Male,85,4,2,Healthcare Representative,2,Single,6870,15530,3,No,12,3,1,0,11,3,1,3,2,1,2
30,0,Travel_Rarely,1092,Research & Development,10,3,Medical,1,Female,64,3,3,Manufacturing Director,3,Single,9667,2739,9,No,14,3,2,0,9,3,3,7,7,0,2
34,0,Travel_Rarely,628,Research & Development,8,3,Medical,2,Male,82,4,2,Laboratory Technician,3,Married,4404,10228,2,No,12,3,1,0,6,3,4,4,3,1,2
39,0,Travel_Rarely,1387,Research & Development,10,5,Medical,2,Male,76,3,2,Manufacturing Director,1,Married,5377,3835,2,No,13,3,4,3,10,3,3,7,7,7,7
44,0,Travel_Frequently,1193,Research & Development,2,1,Medical,2,Male,86,3,3,Manufacturing Director,3,Single,10209,19719,5,Yes,18,3,2,0,16,2,2,2,2,2,2
41,0,Non-Travel,552,Human Resources,4,3,Human Resources,3,Male,60,1,2,Human Resources,2,Married,6430,20794,6,No,19,3,2,1,10,4,3,3,2,1,2
36,0,Travel_Frequently,1213,Human Resources,2,1,Human Resources,2,Male,94,2,2,Human Resources,4,Single,3886,4223,1,No,21,4,4,0,10,2,2,10,1,0,8
37,0,Travel_Rarely,671,Research & Development,19,3,Life Sciences,3,Male,85,3,2,Manufacturing Director,3,Married,5768,26493,3,No,17,3,1,3,9,2,2,4,3,0,2
26,0,Travel_Frequently,1096,Research & Development,6,3,Other,3,Male,61,4,1,Laboratory Technician,4,Married,2544,7102,0,No,18,3,1,1,8,3,3,7,7,7,7
22,0,Travel_Rarely,581,Research & Development,1,2,Life Sciences,4,Male,63,3,1,Research Scientist,3,Single,3375,17624,0,No,12,3,4,0,4,2,4,3,2,1,2
42,0,Travel_Rarely,1142,Research & Development,8,3,Life Sciences,4,Male,81,3,1,Laboratory Technician,3,Single,3968,13624,4,No,13,3,4,0,8,3,3,0,0,0,0
47,0,Non-Travel,1162,Research & Development,1,1,Medical,3,Female,98,3,3,Research Director,2,Married,11957,17231,0,No,18,3,1,2,14,3,1,13,8,5,12
36,0,Non-Travel,301,Sales,15,4,Marketing,4,Male,88,1,2,Sales Executive,4,Divorced,5406,10436,1,No,24,4,1,1,15,4,2,15,12,11,11
42,0,Travel_Rarely,557,Research & Development,18,4,Life Sciences,4,Male,35,3,2,Research Scientist,1,Divorced,5410,11189,6,Yes,17,3,3,1,9,3,2,4,3,1,2
60,0,Travel_Rarely,370,Research & Development,1,4,Medical,3,Male,92,1,3,Healthcare Representative,4,Divorced,10883,20467,3,No,20,4,3,1,19,2,4,1,0,0,0
26,0,Non-Travel,786,Research & Development,7,3,Medical,4,Male,76,3,1,Laboratory Technician,4,Single,2570,11925,1,No,20,4,3,0,7,5,3,7,7,5,7
56,0,Travel_Rarely,1443,Sales,11,5,Marketing,4,Female,89,2,2,Sales Executive,1,Married,5380,20328,4,No,16,3,3,1,6,3,3,0,0,0,0
35,0,Travel_Rarely,750,Research & Development,28,3,Life Sciences,2,Male,46,4,2,Laboratory Technician,3,Married,3407,25348,1,No,17,3,4,2,10,3,2,10,9,6,8
38,0,Travel_Rarely,723,Sales,2,4,Marketing,2,Female,77,1,2,Sales Representative,4,Married,5405,4244,2,Yes,20,4,1,2,20,4,2,4,2,0,3
41,0,Travel_Rarely,796,Sales,4,1,Marketing,3,Female,81,3,3,Sales Executive,3,Divorced,10447,26458,0,Yes,13,3,4,1,23,3,4,22,14,13,5
39,0,Travel_Rarely,722,Sales,24,1,Marketing,2,Female,60,2,4,Sales Executive,4,Married,12031,8828,0,No,11,3,1,1,21,2,2,20,9,9,6
56,0,Travel_Rarely,1162,Research & Development,24,2,Life Sciences,1,Male,97,3,1,Laboratory Technician,4,Single,2587,10261,1,No,16,3,4,0,5,3,3,4,2,1,0
32,0,Travel_Rarely,1373,Research & Development,5,4,Life Sciences,4,Male,56,2,2,Manufacturing Director,4,Single,9679,10138,8,No,24,4,2,0,8,1,3,1,0,0,0
33,0,Non-Travel,775,Research & Development,4,3,Technical Degree,4,Male,90,3,2,Research Scientist,2,Divorced,3055,6194,5,No,15,3,4,2,11,2,2,9,8,1,7
36,0,Travel_Rarely,335,Sales,17,2,Marketing,3,Male,33,2,2,Sales Executive,2,Married,5507,16822,2,No,16,3,3,2,12,1,1,4,2,1,3
29,0,Travel_Rarely,1378,Research & Development,13,2,Other,4,Male,46,2,2,Laboratory Technician,2,Married,4025,23679,4,Yes,13,3,1,1,10,2,3,4,3,0,3
24,0,Travel_Rarely,771,Research & Development,1,2,Life Sciences,2,Male,45,2,2,Healthcare Representative,3,Single,4617,14120,1,No,12,3,2,0,4,2,2,4,3,1,2
47,0,Travel_Rarely,1001,Research & Development,4,3,Life Sciences,3,Female,92,2,3,Manufacturing Director,2,Divorced,10333,19271,8,Yes,12,3,3,1,28,4,3,22,11,14,10
29,0,Travel_Rarely,1082,Research & Development,9,4,Medical,4,Female,43,3,1,Laboratory Technician,3,Married,2974,25412,9,No,17,3,3,1,9,2,3,5,3,1,2
48,0,Travel_Rarely,1108,Research & Development,15,4,Other,3,Female,65,3,1,Research Scientist,1,Married,2367,16530,8,No,12,3,4,1,10,3,2,8,2,7,6
35,0,Travel_Frequently,1199,Research & Development,18,4,Life Sciences,3,Male,80,3,2,Healthcare Representative,3,Married,5689,24594,1,Yes,14,3,4,2,10,2,4,10,2,0,2
34,0,Travel_Rarely,511,Sales,3,2,Life Sciences,4,Female,32,1,2,Sales Executive,4,Single,6029,25353,5,No,12,3,1,0,6,3,3,2,2,2,2
31,0,Travel_Rarely,1079,Sales,16,4,Marketing,1,Male,70,3,3,Sales Executive,3,Married,8161,19002,2,No,13,3,1,3,10,2,3,1,0,0,0
36,0,Non-Travel,894,Research & Development,1,4,Medical,4,Female,33,2,2,Manufacturing Director,3,Married,4374,15411,0,No,15,3,3,0,4,6,3,3,2,1,2
53,0,Travel_Rarely,1395,Research & Development,24,4,Medical,2,Male,48,4,3,Healthcare Representative,4,Married,7005,3458,3,No,15,3,3,0,11,2,3,4,3,1,2
48,0,Travel_Frequently,708,Sales,7,2,Medical,4,Female,95,3,1,Sales Representative,3,Married,2655,11740,2,Yes,11,3,3,2,19,3,3,9,7,7,7
49,0,Travel_Rarely,464,Research & Development,16,3,Medical,4,Female,74,3,1,Laboratory Technician,1,Divorced,2587,24941,4,Yes,16,3,2,1,17,2,2,2,2,2,2
37,0,Travel_Rarely,370,Research & Development,10,4,Medical,4,Male,58,3,2,Manufacturing Director,1,Single,4213,4992,1,No,15,3,2,0,10,4,1,10,3,0,8
40,0,Travel_Rarely,369,Research & Development,8,2,Life Sciences,2,Female,92,3,2,Manufacturing Director,1,Married,6516,5041,2,Yes,16,3,2,1,18,3,3,1,0,0,0
35,0,Travel_Rarely,737,Sales,10,3,Medical,4,Male,55,2,3,Sales Executive,1,Married,10306,21530,9,No,17,3,3,0,15,3,3,13,12,6,0
29,0,Travel_Rarely,468,Research & Development,28,4,Medical,4,Female,73,2,1,Research Scientist,1,Single,3785,8489,1,No,14,3,2,0,5,3,1,5,4,0,4
42,0,Travel_Rarely,1128,Research & Development,13,3,Medical,2,Male,95,4,2,Healthcare Representative,1,Married,5538,5696,5,No,18,3,3,2,10,2,2,0,0,0,0
29,0,Travel_Rarely,441,Research & Development,8,1,Other,3,Female,39,1,2,Healthcare Representative,1,Married,9715,7288,3,No,13,3,3,1,9,3,3,7,7,0,7
38,0,Travel_Rarely,1495,Research & Development,4,2,Medical,4,Female,87,3,1,Laboratory Technician,3,Married,3306,26176,7,No,19,3,4,1,7,5,2,0,0,0,0
49,0,Travel_Rarely,465,Research & Development,6,1,Life Sciences,3,Female,41,2,4,Healthcare Representative,3,Married,13966,11652,2,Yes,19,3,2,1,30,3,3,15,11,2,12
23,0,Travel_Rarely,1320,Research & Development,8,1,Medical,4,Male,93,2,1,Laboratory Technician,3,Single,3989,20586,1,Yes,11,3,1,0,5,2,3,5,4,1,2
34,0,Non-Travel,1375,Sales,10,3,Life Sciences,4,Male,87,3,2,Sales Executive,3,Divorced,4001,12313,1,Yes,14,3,3,1,15,3,3,15,14,0,7
28,0,Travel_Rarely,1423,Research & Development,1,3,Life Sciences,1,Male,72,2,1,Research Scientist,3,Divorced,1563,12530,1,No,14,3,4,1,1,2,1,1,0,0,0
46,0,Travel_Rarely,734,Research & Development,2,4,Medical,3,Male,46,3,5,Research Director,4,Divorced,19328,14218,7,Yes,17,3,3,1,24,3,3,2,1,2,2
43,0,Travel_Rarely,244,Human Resources,2,3,Life Sciences,2,Male,97,3,1,Human Resources,4,Single,3539,5033,0,No,13,3,2,0,10,5,3,9,7,1,8
31,0,Travel_Frequently,561,Research & Development,3,3,Life Sciences,4,Female,33,3,1,Research Scientist,3,Single,4084,4156,1,No,12,3,1,0,7,2,1,7,2,7,7
35,0,Travel_Frequently,880,Sales,12,4,Other,4,Male,36,3,2,Sales Executive,4,Single,4581,10414,3,Yes,24,4,1,0,13,2,4,11,9,6,7
53,0,Travel_Rarely,607,Research & Development,2,5,Technical Degree,3,Female,78,2,3,Manufacturing Director,4,Married,10169,14618,0,No,16,3,2,1,34,4,3,33,7,1,9
54,0,Travel_Rarely,157,Research & Development,10,3,Medical,3,Female,77,3,2,Manufacturing Director,1,Single,4440,25198,6,Yes,19,3,4,0,9,3,3,5,2,1,4
40,0,Travel_Rarely,676,Research & Development,9,4,Life Sciences,4,Male,86,3,1,Laboratory Technician,1,Single,2018,21831,3,No,14,3,2,0,15,3,1,5,4,1,0
32,0,Travel_Rarely,1259,Research & Development,2,4,Life Sciences,4,Male,95,3,1,Laboratory Technician,2,Single,1393,24852,1,No,12,3,1,0,1,2,3,1,0,0,0
38,0,Travel_Frequently,594,Research & Development,2,2,Medical,3,Female,75,2,1,Laboratory Technician,2,Married,2468,15963,4,No,14,3,2,1,9,4,2,6,1,0,5
38,0,Travel_Rarely,397,Research & Development,2,2,Medical,4,Female,54,2,3,Manufacturing Director,3,Married,7756,14199,3,Yes,19,3,4,1,10,6,4,5,4,0,2
35,0,Travel_Rarely,819,Research & Development,18,5,Life Sciences,2,Male,48,4,2,Research Scientist,1,Married,5208,26312,1,No,11,3,4,0,16,2,3,16,15,1,10
32,0,Travel_Rarely,964,Sales,1,2,Life Sciences,1,Male,34,1,2,Sales Executive,2,Single,6735,12147,6,No,15,3,2,0,10,2,3,0,0,0,0
41,0,Travel_Rarely,548,Research & Development,9,4,Life Sciences,3,Male,94,3,1,Laboratory Technician,1,Divorced,2289,20520,1,No,20,4,2,2,5,2,3,5,3,0,4
33,0,Travel_Rarely,516,Research & Development,8,5,Life Sciences,4,Male,69,3,2,Healthcare Representative,3,Single,6388,22049,2,Yes,17,3,1,0,14,6,3,0,0,0,0
50,0,Travel_Rarely,410,Sales,28,3,Marketing,4,Male,39,2,3,Sales Executive,1,Divorced,10854,16586,4,Yes,13,3,2,1,20,3,3,3,2,2,0
32,0,Travel_Rarely,977,Research & Development,2,3,Medical,4,Male,45,3,2,Research Scientist,2,Divorced,5470,25518,0,No,13,3,3,2,10,4,2,9,5,1,6
23,0,Travel_Rarely,977,Research & Development,10,3,Technical Degree,4,Male,45,4,1,Research Scientist,3,Married,2073,12826,2,No,16,3,4,1,4,2,3,2,2,2,2
25,0,Travel_Rarely,977,Research & Development,2,1,Other,4,Male,57,3,1,Laboratory Technician,3,Divorced,3977,7298,6,Yes,19,3,3,1,7,2,2,2,2,0,2
38,0,Travel_Rarely,1245,Sales,14,3,Life Sciences,3,Male,80,3,2,Sales Executive,2,Married,9924,12355,0,No,11,3,4,1,10,3,3,9,8,7,7
56,0,Travel_Rarely,310,Research & Development,7,2,Technical Degree,4,Male,72,3,1,Laboratory Technician,3,Married,2339,3666,8,No,11,3,4,1,14,4,1,10,9,9,8
46,0,Travel_Rarely,261,Research & Development,21,2,Medical,4,Female,66,3,2,Healthcare Representative,2,Married,8926,10842,4,No,22,4,4,1,13,2,4,9,7,3,7
29,0,Travel_Frequently,574,Research & Development,20,1,Medical,4,Male,40,3,1,Laboratory Technician,4,Married,3812,7003,1,No,13,3,2,0,11,3,4,11,8,3,10
32,0,Travel_Rarely,801,Sales,1,4,Marketing,3,Female,48,3,3,Sales Executive,4,Married,10422,24032,1,No,19,3,3,2,14,3,3,14,10,5,7
31,0,Travel_Rarely,1154,Sales,2,2,Life Sciences,1,Male,54,3,1,Sales Representative,3,Married,3067,6393,0,No,19,3,3,1,3,1,3,2,2,1,2
43,0,Travel_Rarely,574,Research & Development,11,3,Life Sciences,1,Male,30,3,3,Healthcare Representative,3,Married,7510,16873,1,No,17,3,2,1,10,1,3,10,9,0,9
33,0,Non-Travel,1313,Research & Development,1,2,Medical,2,Male,59,2,1,Laboratory Technician,3,Divorced,2008,20439,1,No,12,3,3,3,1,2,2,1,1,0,0
35,0,Travel_Rarely,670,Research & Development,10,4,Medical,1,Female,51,3,2,Healthcare Representative,3,Single,6142,4223,3,Yes,16,3,3,0,10,4,3,5,2,0,4
40,0,Travel_Rarely,611,Sales,7,4,Medical,2,Male,88,3,5,Manager,2,Single,19833,4349,1,No,14,3,2,0,21,3,2,21,8,12,8
34,0,Travel_Rarely,479,Research & Development,7,4,Medical,1,Male,35,3,1,Research Scientist,4,Single,2972,22061,1,No,13,3,3,0,1,4,1,1,0,0,0
45,0,Travel_Rarely,556,Research & Development,25,2,Life Sciences,2,Female,93,2,2,Manufacturing Director,4,Married,5906,23888,0,No,13,3,4,2,10,2,2,9,8,3,8
28,0,Travel_Frequently,289,Research & Development,2,2,Medical,3,Male,38,2,1,Laboratory Technician,1,Single,2561,5355,7,No,11,3,3,0,8,2,2,0,0,0,0
39,0,Travel_Rarely,116,Research & Development,24,1,Life Sciences,1,Male,52,3,2,Research Scientist,4,Single,4108,5340,7,No,13,3,1,0,18,2,3,7,7,1,7
43,0,Non-Travel,343,Research & Development,9,3,Life Sciences,1,Male,52,3,1,Research Scientist,3,Single,2438,24978,4,No,13,3,3,0,7,2,2,3,2,1,2
23,0,Travel_Rarely,571,Research & Development,12,2,Other,4,Male,78,3,1,Laboratory Technician,4,Single,2647,13672,1,No,13,3,3,0,5,6,4,5,2,1,4
45,0,Non-Travel,589,Sales,2,4,Life Sciences,3,Female,67,3,2,Sales Executive,3,Married,5154,19665,4,No,22,4,2,2,10,3,4,8,7,5,7
28,0,Non-Travel,280,Human Resources,1,2,Life Sciences,3,Male,43,3,1,Human Resources,4,Divorced,2706,10494,1,No,15,3,2,1,3,2,3,3,2,2,2
36,0,Travel_Rarely,884,Sales,1,4,Life Sciences,2,Female,73,3,2,Sales Executive,3,Single,6815,21447,6,No,13,3,1,0,15,5,3,1,0,0,0
24,0,Travel_Rarely,240,Human Resources,22,1,Human Resources,4,Male,58,1,1,Human Resources,3,Married,1555,11585,1,No,11,3,3,1,1,2,3,1,0,0,0
41,0,Travel_Rarely,642,Research & Development,1,3,Life Sciences,4,Male,76,3,1,Research Scientist,4,Married,2782,21412,3,No,22,4,1,1,12,3,3,5,3,1,0
35,0,Travel_Rarely,1490,Research & Development,11,4,Medical,4,Male,43,3,1,Laboratory Technician,3,Married,2660,20232,7,Yes,11,3,3,1,5,3,3,2,2,2,2
36,0,Travel_Frequently,884,Research & Development,23,2,Medical,3,Male,41,4,2,Laboratory Technician,4,Married,2571,12290,4,No,17,3,3,1,17,3,3,5,2,0,3
33,0,Travel_Rarely,1099,Research & Development,4,4,Medical,1,Female,82,2,1,Laboratory Technician,2,Married,3838,8192,8,No,11,3,4,0,8,5,3,5,4,0,2
29,0,Travel_Rarely,1370,Research & Development,3,1,Medical,2,Male,87,3,1,Laboratory Technician,1,Single,4723,16213,1,Yes,18,3,4,0,10,3,3,10,9,1,5
35,0,Travel_Rarely,104,Research & Development,2,3,Life Sciences,1,Female,69,3,1,Laboratory Technician,1,Divorced,2074,26619,1,Yes,12,3,4,1,1,2,3,1,0,0,0
31,0,Travel_Rarely,741,Research & Development,2,4,Life Sciences,2,Male,69,3,1,Laboratory Technician,3,Married,3477,18103,1,No,14,3,4,1,6,2,4,5,2,0,3
27,0,Travel_Frequently,591,Research & Development,2,3,Medical,4,Male,87,3,1,Research Scientist,4,Single,2580,6297,2,No,13,3,3,0,6,0,2,4,2,1,2
38,0,Travel_Rarely,1321,Sales,1,4,Life Sciences,4,Male,86,3,2,Sales Executive,2,Married,4440,7636,0,No,15,3,1,2,16,3,3,15,13,5,8
46,0,Travel_Rarely,228,Sales,3,3,Life Sciences,3,Female,51,3,4,Manager,2,Married,16606,11380,8,No,12,3,4,1,23,2,4,13,12,5,1
37,0,Travel_Rarely,161,Research & Development,10,3,Life Sciences,3,Female,42,4,3,Research Director,4,Married,13744,15471,1,Yes,25,4,1,1,16,2,3,16,11,6,8
41,0,Travel_Rarely,582,Research & Development,28,4,Life Sciences,1,Female,60,2,4,Manufacturing Director,2,Married,13570,5640,0,No,23,4,3,1,21,3,3,20,7,0,10
37,0,Travel_Frequently,1278,Sales,1,4,Medical,3,Male,31,1,2,Sales Executive,4,Divorced,9525,7677,1,No,14,3,3,2,6,2,2,6,3,1,3
31,0,Travel_Rarely,1003,Sales,5,3,Technical Degree,1,Male,51,3,2,Sales Executive,3,Married,8346,20943,1,No,19,3,3,1,6,3,3,5,2,0,2
44,0,Travel_Rarely,1313,Research & Development,7,3,Medical,2,Female,31,3,5,Research Director,4,Divorced,19049,3549,0,Yes,14,3,4,1,23,4,2,22,7,1,10
18,1,Travel_Frequently,544,Sales,3,2,Medical,2,Female,70,3,1,Sales Representative,4,Single,1569,18420,1,Yes,12,3,3,0,0,2,4,0,0,0,0
29,0,Travel_Frequently,410,Research & Development,2,1,Life Sciences,4,Female,97,3,1,Laboratory Technician,2,Married,3180,4668,0,No,13,3,3,3,4,3,3,3,2,0,2
45,0,Travel_Rarely,374,Sales,20,3,Life Sciences,4,Female,50,3,2,Sales Executive,3,Single,4850,23333,8,No,15,3,3,0,8,3,3,5,3,0,1
25,0,Travel_Rarely,309,Human Resources,2,3,Human Resources,3,Female,82,3,1,Human Resources,2,Married,2187,19655,4,No,14,3,3,0,6,3,3,2,0,1,2
35,0,Travel_Rarely,1349,Research & Development,7,2,Life Sciences,3,Male,63,2,1,Laboratory Technician,4,Married,2690,7713,1,No,18,3,4,1,1,5,2,1,0,0,1
46,0,Travel_Rarely,563,Sales,1,4,Life Sciences,4,Male,56,4,4,Manager,1,Single,17567,3156,1,No,15,3,2,0,27,5,1,26,0,0,12
27,0,Travel_Frequently,1337,Human Resources,22,3,Human Resources,1,Female,58,2,1,Human Resources,2,Married,2863,19555,1,No,12,3,1,0,1,2,3,1,0,0,0
37,0,Travel_Rarely,674,Research & Development,13,3,Medical,1,Male,47,3,2,Research Scientist,4,Married,4285,3031,1,No,17,3,1,0,10,2,3,10,8,3,7
39,0,Non-Travel,1251,Sales,21,4,Life Sciences,1,Female,32,1,2,Sales Executive,3,Married,5736,3987,6,No,19,3,3,1,10,1,3,3,2,1,2
34,0,Travel_Rarely,971,Sales,1,3,Technical Degree,4,Male,64,2,3,Sales Executive,3,Married,7083,12288,1,Yes,14,3,4,0,10,3,3,10,9,8,6
39,0,Travel_Rarely,1089,Research & Development,6,3,Life Sciences,2,Female,32,3,3,Manufacturing Director,2,Single,8376,9150,4,No,18,3,4,0,9,3,3,2,0,2,2
34,0,Travel_Rarely,790,Sales,24,4,Medical,1,Female,40,2,2,Sales Executive,2,Single,4599,7815,0,Yes,23,4,3,0,16,2,4,15,9,10,10
31,0,Travel_Frequently,163,Research & Development,24,1,Technical Degree,4,Female,30,3,2,Manufacturing Director,4,Single,5238,6670,2,No,20,4,4,0,9,3,2,5,4,1,4
47,0,Travel_Frequently,1093,Sales,9,3,Life Sciences,3,Male,82,1,4,Sales Executive,3,Married,12936,24164,7,No,11,3,3,0,25,3,1,23,5,14,10
29,0,Travel_Rarely,1092,Research & Development,1,4,Medical,1,Male,36,3,1,Research Scientist,4,Married,4787,26124,9,Yes,14,3,2,3,4,3,4,2,2,2,2
34,0,Travel_Rarely,1480,Sales,4,3,Life Sciences,3,Male,64,3,3,Sales Executive,4,Married,9713,24444,2,Yes,13,3,4,3,9,3,3,5,3,1,0
29,0,Travel_Frequently,995,Research & Development,2,1,Life Sciences,1,Male,87,3,2,Healthcare Representative,4,Divorced,8853,24483,1,No,19,3,4,1,6,0,4,6,4,1,3
18,0,Non-Travel,1431,Research & Development,14,3,Medical,2,Female,33,3,1,Research Scientist,3,Single,1514,8018,1,No,16,3,3,0,0,4,1,0,0,0,0
44,0,Travel_Rarely,170,Research & Development,1,4,Life Sciences,2,Male,78,4,2,Healthcare Representative,1,Married,5033,9364,2,No,15,3,4,1,10,5,3,2,0,2,2
35,0,Travel_Frequently,146,Research & Development,2,4,Medical,1,Male,79,2,1,Research Scientist,4,Single,4930,13970,0,Yes,14,3,3,0,6,2,4,5,4,1,4
35,0,Travel_Rarely,1029,Research & Development,16,3,Life Sciences,4,Female,91,2,3,Healthcare Representative,2,Single,8606,21195,1,No,19,3,4,0,11,3,1,11,8,3,3
40,0,Travel_Rarely,750,Research & Development,12,3,Life Sciences,2,Female,47,3,2,Healthcare Representative,1,Divorced,4448,10748,2,No,12,3,2,1,15,3,3,7,4,7,7
45,0,Travel_Rarely,1329,Research & Development,2,2,Other,4,Female,59,2,2,Manufacturing Director,4,Divorced,5770,5388,1,No,19,3,1,2,10,3,3,10,7,3,9
48,0,Travel_Rarely,492,Sales,16,4,Life Sciences,3,Female,96,3,2,Sales Executive,3,Divorced,6439,13693,8,No,14,3,3,1,18,2,3,8,7,7,7
36,0,Travel_Rarely,311,Research & Development,7,3,Life Sciences,1,Male,77,3,1,Laboratory Technician,2,Single,2013,10950,2,No,11,3,3,0,15,4,3,4,3,1,3
42,0,Travel_Rarely,300,Research & Development,2,3,Life Sciences,1,Male,56,3,5,Manager,3,Married,18880,17312,5,No,11,3,1,0,24,2,2,22,6,4,14
28,0,Travel_Rarely,580,Research & Development,27,3,Medical,2,Female,39,1,2,Manufacturing Director,1,Divorced,4877,20460,0,No,21,4,2,1,6,5,2,5,3,0,0
33,0,Travel_Rarely,575,Research & Development,25,3,Life Sciences,4,Male,44,2,2,Manufacturing Director,2,Single,4320,24152,1,No,13,3,4,0,5,2,3,5,3,0,2
38,0,Travel_Rarely,1153,Research & Development,6,2,Other,4,Female,40,2,1,Laboratory Technician,3,Married,3702,16376,1,No,11,3,2,1,5,3,3,5,4,0,4
21,1,Travel_Rarely,501,Sales,5,1,Medical,3,Male,58,3,1,Sales Representative,1,Single,2380,25479,1,Yes,11,3,4,0,2,6,3,2,2,1,2
44,0,Travel_Frequently,602,Human Resources,1,5,Human Resources,1,Male,37,3,2,Human Resources,4,Married,5743,10503,4,Yes,11,3,3,0,14,3,3,10,7,0,2
39,0,Travel_Rarely,119,Sales,15,4,Marketing,2,Male,77,3,4,Sales Executive,1,Single,13341,25098,0,No,12,3,1,0,21,3,3,20,8,11,10
31,0,Travel_Frequently,715,Sales,2,4,Other,4,Male,54,3,2,Sales Executive,1,Single,5332,21602,7,No,13,3,4,0,10,3,3,5,2,0,3
49,0,Travel_Rarely,809,Research & Development,1,3,Life Sciences,3,Male,36,3,4,Manager,3,Single,15379,22384,4,No,14,3,1,0,23,2,3,8,7,0,0
24,0,Non-Travel,830,Sales,13,2,Life Sciences,4,Female,78,3,1,Sales Representative,2,Married,2033,7103,1,No,13,3,3,1,1,2,3,1,0,0,0
40,0,Travel_Rarely,448,Research & Development,16,3,Life Sciences,3,Female,84,3,3,Manufacturing Director,4,Single,7945,19948,6,Yes,15,3,4,0,18,2,2,4,2,3,3
40,0,Travel_Rarely,884,Research & Development,15,3,Life Sciences,1,Female,80,2,3,Manufacturing Director,3,Married,10435,25800,1,No,13,3,4,2,18,2,3,18,15,14,12
45,0,Travel_Rarely,538,Research & Development,1,4,Technical Degree,1,Male,66,3,3,Healthcare Representative,2,Divorced,7441,20933,1,No,12,3,1,3,10,4,3,10,8,7,7
31,0,Travel_Frequently,1125,Sales,7,4,Marketing,1,Female,68,3,3,Sales Executive,1,Married,9637,8277,2,No,14,3,4,2,9,3,3,3,2,2,2
58,0,Travel_Frequently,1216,Research & Development,15,4,Life Sciences,1,Male,87,3,4,Research Director,3,Married,15787,21624,2,Yes,14,3,2,0,23,3,3,2,2,2,2
48,0,Travel_Frequently,117,Research & Development,22,3,Medical,4,Female,58,3,4,Manager,4,Divorced,17174,2437,3,No,11,3,2,1,24,3,3,22,17,4,7
23,0,Travel_Frequently,638,Sales,9,3,Marketing,4,Male,33,3,1,Sales Representative,1,Married,1790,26956,1,No,19,3,1,1,1,3,2,1,0,1,0
33,0,Travel_Rarely,392,Sales,2,4,Medical,4,Male,93,3,2,Sales Executive,4,Divorced,5505,3921,1,No,14,3,3,2,6,5,3,6,2,0,4
40,0,Travel_Rarely,616,Research & Development,2,2,Life Sciences,3,Female,99,3,1,Laboratory Technician,1,Married,3377,25605,4,No,17,3,4,1,7,5,2,4,3,0,2
45,0,Travel_Rarely,1015,Research & Development,5,5,Medical,3,Female,50,1,2,Laboratory Technician,1,Single,5769,23447,1,Yes,14,3,1,0,10,3,3,10,7,1,4
32,0,Travel_Rarely,529,Research & Development,2,3,Technical Degree,4,Male,78,3,1,Research Scientist,1,Single,2439,11288,1,No,14,3,4,0,4,4,3,4,2,1,2
23,0,Travel_Rarely,427,Sales,7,3,Life Sciences,3,Male,99,3,1,Sales Representative,4,Divorced,2275,25103,1,Yes,21,4,2,1,3,2,3,3,2,0,2
30,0,Travel_Frequently,1312,Research & Development,2,4,Technical Degree,4,Female,78,2,1,Research Scientist,1,Single,4968,26427,0,No,16,3,4,0,10,2,3,9,7,0,7
58,0,Non-Travel,350,Sales,2,3,Medical,2,Male,52,3,4,Manager,2,Divorced,16291,22577,4,No,22,4,4,1,37,0,2,16,9,14,14
44,0,Travel_Rarely,528,Human Resources,1,3,Life Sciences,3,Female,44,3,1,Human Resources,4,Divorced,3195,4167,4,Yes,18,3,1,3,8,2,3,2,2,2,2
37,0,Travel_Rarely,1470,Research & Development,10,3,Medical,2,Female,71,3,1,Research Scientist,2,Married,3936,9953,1,No,11,3,1,1,8,2,1,8,4,7,7
34,0,Non-Travel,967,Research & Development,16,4,Technical Degree,4,Male,85,1,1,Research Scientist,1,Married,2307,14460,1,Yes,23,4,2,1,5,2,3,5,2,3,0
35,0,Travel_Rarely,287,Research & Development,1,4,Life Sciences,3,Female,62,1,1,Research Scientist,4,Married,2977,8952,1,No,12,3,4,1,4,5,3,4,3,1,1
32,0,Travel_Rarely,371,Sales,19,3,Life Sciences,4,Male,80,1,3,Sales Executive,3,Married,9610,3840,3,No,13,3,3,1,10,2,1,4,3,0,2
31,0,Non-Travel,325,Research & Development,5,3,Medical,2,Male,74,3,2,Manufacturing Director,1,Single,9936,3787,0,No,19,3,2,0,10,2,3,9,4,1,7
35,0,Travel_Rarely,1395,Research & Development,9,4,Medical,2,Male,48,3,2,Research Scientist,3,Single,5098,18698,1,No,19,3,2,0,10,5,3,10,7,0,8
29,0,Travel_Rarely,598,Research & Development,9,3,Life Sciences,3,Male,91,4,1,Research Scientist,3,Married,2451,22376,6,No,18,3,1,2,5,2,2,1,0,0,0
36,0,Travel_Rarely,1040,Research & Development,3,2,Life Sciences,4,Male,79,4,2,Healthcare Representative,1,Divorced,6842,26308,6,No,20,4,1,1,13,3,3,5,4,0,4
23,0,Travel_Rarely,160,Research & Development,4,1,Medical,3,Female,51,3,1,Laboratory Technician,2,Single,3295,12862,1,No,13,3,3,0,3,3,1,3,2,1,2
29,0,Travel_Rarely,592,Research & Development,7,3,Life Sciences,4,Male,59,3,1,Laboratory Technician,1,Single,2062,19384,3,No,14,3,2,0,11,2,3,3,2,1,2
29,0,Travel_Rarely,350,Human Resources,13,3,Human Resources,1,Male,56,2,1,Human Resources,1,Divorced,2335,3157,4,Yes,15,3,4,3,4,3,3,2,2,2,0
35,0,Travel_Rarely,219,Research & Development,16,2,Other,4,Female,44,2,2,Manufacturing Director,2,Married,4788,25388,0,Yes,11,3,4,0,4,2,3,3,2,0,2
26,0,Travel_Rarely,390,Research & Development,17,4,Medical,4,Male,62,1,1,Laboratory Technician,3,Married,2305,6217,1,No,15,3,3,3,3,3,4,3,2,0,2
54,0,Travel_Rarely,584,Research & Development,22,5,Medical,2,Female,91,3,4,Manager,3,Married,17426,18685,3,No,25,4,3,1,36,6,3,10,8,4,7
35,0,Travel_Rarely,303,Sales,27,3,Life Sciences,3,Male,84,3,2,Sales Executive,4,Single,5813,13492,1,Yes,18,3,4,0,10,2,3,10,7,7,7
40,0,Travel_Rarely,444,Sales,2,2,Marketing,2,Female,92,3,2,Sales Executive,2,Married,5677,4258,3,No,14,3,3,1,15,4,3,11,8,5,10
38,0,Travel_Rarely,1404,Sales,1,3,Life Sciences,1,Male,59,2,1,Sales Representative,1,Single,2858,11473,4,No,14,3,1,0,20,3,2,1,0,0,0
36,0,Travel_Frequently,688,Research & Development,4,2,Life Sciences,4,Female,97,3,2,Manufacturing Director,2,Divorced,5131,9192,7,No,13,3,2,3,18,3,3,4,2,0,2
33,0,Travel_Rarely,589,Research & Development,28,4,Life Sciences,2,Male,79,3,2,Laboratory Technician,3,Married,5207,22949,1,Yes,12,3,2,1,15,3,3,15,14,5,7
28,0,Travel_Frequently,467,Sales,7,3,Life Sciences,3,Male,55,3,2,Sales Executive,1,Single,4898,11827,0,No,14,3,4,0,5,5,3,4,2,1,3
29,0,Travel_Rarely,224,Research & Development,1,4,Technical Degree,1,Male,100,2,1,Research Scientist,1,Single,2362,7568,6,No,13,3,3,0,11,2,1,9,7,0,7
42,0,Travel_Rarely,1059,Research & Development,9,2,Other,4,Male,93,2,5,Manager,4,Single,19613,26362,8,No,22,4,4,0,24,2,3,1,0,0,1
46,0,Travel_Rarely,706,Research & Development,2,2,Life Sciences,4,Male,82,3,3,Manufacturing Director,4,Divorced,8578,19989,3,No,14,3,3,1,12,4,2,9,8,4,7
31,0,Non-Travel,976,Research & Development,3,2,Medical,3,Male,48,3,1,Research Scientist,1,Divorced,3065,3995,1,Yes,13,3,4,1,4,3,4,4,2,2,3
21,1,Travel_Rarely,337,Sales,7,1,Marketing,2,Male,31,3,1,Sales Representative,2,Single,2679,4567,1,No,13,3,2,0,1,3,3,1,0,1,0
40,0,Travel_Rarely,118,Sales,14,2,Life Sciences,4,Female,84,3,2,Sales Executive,1,Married,4639,11262,1,No,15,3,3,1,5,2,3,5,4,1,2
31,0,Travel_Rarely,1112,Sales,5,4,Life Sciences,1,Female,67,3,2,Sales Executive,4,Married,5476,22589,1,No,11,3,1,2,10,2,3,10,0,0,2
24,1,Travel_Frequently,381,Research & Development,9,3,Medical,2,Male,89,3,1,Laboratory Technician,1,Single,3172,16998,2,Yes,11,3,3,0,4,2,2,0,0,0,0
33,0,Travel_Rarely,867,Research & Development,8,4,Life Sciences,4,Male,90,4,1,Research Scientist,1,Married,3143,6076,6,No,19,3,2,1,14,1,3,10,8,7,6
28,0,Travel_Rarely,1172,Sales,3,3,Medical,2,Female,78,3,1,Sales Representative,2,Married,2856,3692,1,No,19,3,4,1,1,3,3,1,0,0,0
38,0,Travel_Rarely,201,Research & Development,10,3,Medical,2,Female,99,1,3,Research Director,3,Married,13206,3376,3,No,12,3,1,1,20,3,3,18,16,1,11
29,0,Travel_Rarely,991,Sales,5,3,Medical,1,Male,43,2,2,Sales Executive,2,Divorced,4187,3356,1,Yes,13,3,2,1,10,3,2,10,0,0,9
30,0,Travel_Rarely,793,Research & Development,16,1,Life Sciences,2,Male,33,3,1,Research Scientist,4,Married,2862,3811,1,No,12,3,2,1,10,2,2,10,0,0,8
39,0,Travel_Frequently,766,Sales,20,3,Life Sciences,3,Male,83,3,2,Sales Executive,4,Divorced,4127,19188,2,No,18,3,4,1,7,6,3,2,1,2,2
30,0,Travel_Frequently,600,Human Resources,8,3,Human Resources,3,Female,66,2,1,Human Resources,4,Divorced,2180,9732,6,No,11,3,3,1,6,0,2,4,2,1,2
28,0,Travel_Frequently,783,Sales,1,2,Life Sciences,3,Male,42,2,2,Sales Executive,4,Married,6834,19255,1,Yes,12,3,3,1,7,2,3,7,7,0,7
24,0,Travel_Rarely,581,Research & Development,9,3,Medical,3,Male,62,4,1,Research Scientist,3,Married,4401,17616,1,No,16,3,4,1,5,1,3,5,3,0,4
36,0,Travel_Rarely,1157,Sales,2,4,Life Sciences,3,Male,70,3,1,Sales Representative,4,Single,2644,17001,3,Yes,21,4,4,0,7,3,2,3,2,1,2
40,0,Travel_Frequently,692,Research & Development,11,3,Technical Degree,4,Female,73,3,2,Laboratory Technician,3,Married,6323,26849,1,No,11,3,1,1,10,2,4,10,9,9,4
34,0,Travel_Rarely,810,Sales,8,2,Technical Degree,2,Male,92,4,2,Sales Executive,3,Married,6799,22128,1,No,21,4,3,2,10,5,3,10,8,4,8
37,0,Travel_Rarely,1239,Human Resources,8,2,Other,3,Male,89,3,2,Human Resources,2,Divorced,4071,12832,2,No,13,3,3,0,19,4,2,10,0,4,7
20,0,Travel_Rarely,1141,Sales,2,3,Medical,3,Female,31,3,1,Sales Representative,3,Single,2783,13251,1,No,19,3,1,0,2,3,3,2,2,2,2
43,0,Travel_Rarely,823,Research & Development,6,3,Medical,1,Female,81,2,5,Manager,3,Married,19392,22539,7,No,13,3,4,0,21,2,3,16,12,6,14
32,0,Non-Travel,1146,Research & Development,15,4,Medical,3,Female,34,3,2,Healthcare Representative,4,Divorced,6667,16542,5,No,18,3,2,1,9,6,3,5,1,1,2
36,0,Travel_Rarely,1266,Sales,10,4,Technical Degree,2,Female,63,2,2,Sales Executive,3,Married,5673,6060,1,Yes,13,3,1,1,10,4,3,10,9,1,7
29,0,Travel_Rarely,726,Research & Development,29,1,Life Sciences,4,Male,93,1,2,Healthcare Representative,3,Divorced,6384,21143,8,No,17,3,4,2,11,3,3,7,0,1,6
27,0,Travel_Rarely,1302,Research & Development,19,3,Other,4,Male,67,2,1,Laboratory Technician,1,Divorced,4066,16290,1,No,11,3,1,2,7,3,3,7,7,0,7
55,0,Travel_Rarely,189,Human Resources,26,4,Human Resources,3,Male,71,4,5,Manager,2,Married,19636,25811,4,Yes,18,3,1,1,35,0,3,10,9,1,4
33,0,Travel_Rarely,1242,Sales,8,4,Life Sciences,1,Male,46,3,2,Sales Executive,1,Married,6392,10589,2,No,13,3,4,1,8,6,1,2,2,2,2
20,0,Travel_Rarely,727,Sales,9,1,Life Sciences,4,Male,54,3,1,Sales Representative,1,Single,2728,21082,1,No,11,3,1,0,2,3,3,2,2,0,2
38,0,Travel_Frequently,888,Human Resources,10,4,Human Resources,3,Male,71,3,2,Human Resources,3,Married,6077,14814,3,No,11,3,3,0,10,2,3,6,3,1,2
53,0,Non-Travel,661,Research & Development,1,4,Medical,1,Female,60,2,4,Manufacturing Director,3,Married,12965,22308,4,Yes,20,4,4,3,27,2,2,3,2,0,2
33,0,Travel_Rarely,217,Sales,10,4,Marketing,2,Male,43,3,2,Sales Executive,3,Single,5487,10410,1,No,14,3,2,0,10,2,2,10,4,0,9
42,0,Travel_Rarely,1396,Research & Development,6,3,Medical,3,Male,83,3,3,Research Director,1,Married,13348,14842,9,No,13,3,2,1,18,3,4,13,7,5,7
30,0,Travel_Rarely,979,Sales,15,2,Marketing,3,Male,94,2,3,Sales Executive,1,Divorced,7140,3088,2,No,11,3,1,1,12,2,3,7,7,1,7
54,0,Travel_Frequently,1050,Research & Development,11,4,Medical,2,Female,87,3,4,Manager,4,Divorced,16032,24456,3,No,20,4,1,1,26,2,3,14,9,1,12
49,0,Travel_Frequently,1064,Research & Development,2,1,Life Sciences,2,Male,42,3,5,Research Director,4,Married,19161,13738,3,No,15,3,4,0,28,3,3,5,4,4,3
26,0,Travel_Rarely,474,Research & Development,3,3,Life Sciences,1,Female,89,3,1,Research Scientist,4,Married,2061,11133,1,No,21,4,1,0,1,5,3,1,0,0,0
24,0,Travel_Frequently,897,Human Resources,10,3,Medical,1,Male,59,3,1,Human Resources,4,Married,2145,2097,0,No,14,3,4,1,3,2,3,2,2,2,1
34,0,Travel_Rarely,1239,Sales,13,4,Medical,4,Male,39,3,3,Sales Executive,3,Divorced,8628,22914,1,No,18,3,3,1,9,2,2,8,7,1,1
40,0,Travel_Rarely,1137,Research & Development,1,4,Life Sciences,1,Male,98,3,4,Manager,1,Divorced,16823,18991,2,No,11,3,1,1,22,3,3,19,7,11,16
27,0,Travel_Rarely,1354,Research & Development,2,4,Technical Degree,2,Male,41,3,1,Research Scientist,2,Married,2226,6073,1,No,11,3,3,1,6,3,2,5,3,1,2
39,0,Travel_Rarely,613,Research & Development,6,1,Medical,4,Male,42,2,3,Healthcare Representative,1,Married,9991,21457,4,No,15,3,1,1,9,5,3,7,7,1,7
47,0,Travel_Rarely,1180,Research & Development,25,3,Medical,1,Male,84,3,3,Healthcare Representative,3,Single,8633,13084,2,No,23,4,2,0,25,3,3,17,14,12,11
35,0,Travel_Rarely,763,Sales,15,2,Medical,1,Male,59,1,2,Sales Executive,4,Divorced,5440,22098,6,Yes,14,3,4,2,7,2,2,2,2,2,2
35,0,Travel_Rarely,682,Sales,18,4,Medical,2,Male,71,3,2,Sales Executive,1,Married,5561,15975,0,No,16,3,4,1,6,2,1,5,3,0,4
36,0,Travel_Frequently,1302,Research & Development,6,4,Life Sciences,1,Male,80,4,2,Laboratory Technician,1,Married,5562,19711,3,Yes,13,3,4,1,9,3,3,3,2,0,2
36,0,Travel_Rarely,1351,Research & Development,26,4,Life Sciences,1,Male,80,3,2,Healthcare Representative,3,Married,5347,7419,6,No,14,3,2,2,10,2,2,3,2,0,2
30,0,Travel_Rarely,740,Sales,1,3,Life Sciences,2,Male,64,2,2,Sales Executive,1,Married,9714,5323,1,No,11,3,4,1,10,4,3,10,8,6,7
22,1,Travel_Rarely,391,Research & Development,7,1,Life Sciences,4,Male,75,3,1,Research Scientist,2,Single,2472,26092,1,Yes,23,4,1,0,1,2,3,1,0,0,0
45,0,Non-Travel,336,Sales,26,3,Marketing,1,Male,52,2,2,Sales Executive,1,Married,4385,24162,1,No,15,3,1,1,10,2,3,10,7,4,5
33,0,Travel_Rarely,501,Research & Development,15,2,Medical,2,Female,95,3,2,Healthcare Representative,4,Married,4878,21653,0,Yes,13,3,1,1,10,6,3,9,7,8,1
35,0,Travel_Rarely,1146,Human Resources,26,4,Life Sciences,3,Female,31,3,3,Human Resources,4,Single,8837,16642,1,Yes,16,3,3,0,9,2,3,9,0,1,7
36,0,Travel_Rarely,1456,Sales,13,5,Marketing,2,Male,96,2,2,Sales Executive,1,Divorced,6134,8658,5,Yes,13,3,2,3,16,3,3,2,2,2,2
34,0,Travel_Rarely,937,Sales,1,3,Marketing,1,Male,32,3,3,Sales Executive,4,Single,9888,6770,1,No,21,4,1,0,14,3,2,14,8,2,1
42,0,Travel_Rarely,855,Research & Development,12,3,Medical,2,Male,57,3,1,Laboratory Technician,2,Divorced,2766,8952,8,No,22,4,2,3,7,6,2,5,3,0,4
36,0,Travel_Rarely,530,Sales,2,4,Life Sciences,3,Female,51,3,2,Sales Representative,4,Single,4502,7439,3,No,15,3,3,0,17,2,2,13,7,6,7
30,0,Travel_Rarely,1288,Sales,29,4,Technical Degree,3,Male,33,3,3,Sales Executive,2,Married,9250,17799,3,No,12,3,2,1,9,3,3,4,2,1,3
29,1,Travel_Frequently,746,Sales,24,3,Technical Degree,3,Male,45,4,1,Sales Representative,1,Single,1091,10642,1,No,17,3,4,0,1,3,3,1,0,0,0
40,0,Travel_Rarely,543,Research & Development,1,4,Life Sciences,1,Male,83,3,1,Laboratory Technician,4,Married,2406,4060,8,No,19,3,3,2,8,3,2,1,0,0,0
46,0,Non-Travel,849,Sales,26,2,Life Sciences,2,Male,98,2,2,Sales Executive,2,Single,7991,25166,8,No,15,3,3,0,6,3,3,2,2,2,2
22,0,Travel_Rarely,1294,Research & Development,8,1,Medical,3,Female,79,3,1,Laboratory Technician,1,Married,2398,15999,1,Yes,17,3,3,0,1,6,3,1,0,0,0
45,0,Travel_Rarely,950,Research & Development,28,3,Technical Degree,4,Male,97,3,1,Research Scientist,4,Married,2132,4585,4,No,20,4,4,1,8,3,3,5,4,0,3
28,0,Non-Travel,1103,Research & Development,16,3,Medical,3,Male,49,3,1,Research Scientist,3,Single,2144,2122,1,No,14,3,3,0,5,3,2,5,3,1,4
28,0,Travel_Rarely,1181,Research & Development,1,3,Life Sciences,3,Male,82,3,1,Research Scientist,4,Married,2044,5531,1,No,11,3,3,1,5,6,4,5,3,0,3
39,0,Travel_Rarely,1253,Research & Development,10,1,Medical,3,Male,65,3,3,Research Director,3,Single,13464,7914,7,No,21,4,3,0,9,3,3,4,3,2,2
32,0,Non-Travel,1200,Research & Development,1,4,Technical Degree,4,Male,62,3,2,Research Scientist,1,Married,4087,25174,4,No,14,3,2,1,9,3,2,6,5,1,2
35,0,Travel_Rarely,185,Research & Development,23,4,Medical,2,Male,91,1,1,Laboratory Technician,3,Married,2705,9696,0,No,16,3,2,1,6,2,4,5,4,0,3
36,0,Travel_Rarely,1383,Research & Development,10,3,Life Sciences,4,Male,90,3,3,Healthcare Representative,1,Married,8321,25949,7,Yes,13,3,4,1,15,1,3,12,8,5,7
40,0,Travel_Rarely,1329,Research & Development,7,3,Life Sciences,1,Male,73,3,1,Laboratory Technician,1,Single,2166,3339,3,Yes,14,3,2,0,10,3,1,4,2,0,3
34,0,Travel_Rarely,735,Sales,3,1,Medical,4,Female,75,2,2,Sales Executive,4,Married,8103,16495,3,Yes,12,3,3,0,9,3,2,4,2,0,1
54,0,Travel_Rarely,155,Research & Development,9,2,Life Sciences,1,Female,67,3,2,Research Scientist,3,Married,2897,22474,3,No,11,3,3,2,9,6,2,4,3,2,3
32,0,Travel_Frequently,238,Research & Development,5,2,Life Sciences,1,Female,47,4,1,Research Scientist,3,Single,2432,15318,3,Yes,14,3,1,0,8,2,3,4,1,0,3
35,0,Travel_Rarely,992,Research & Development,1,3,Medical,4,Male,68,2,1,Laboratory Technician,1,Single,2450,21731,1,No,19,3,2,0,3,3,3,3,0,1,2
32,0,Travel_Rarely,495,Research & Development,10,3,Medical,3,Male,64,3,3,Manager,4,Single,11244,21072,2,No,25,4,2,0,10,5,4,5,2,0,0
35,0,Travel_Rarely,1224,Sales,7,4,Life Sciences,3,Female,55,3,2,Sales Executive,4,Married,5204,13586,1,Yes,11,3,4,0,10,2,3,10,8,0,9
43,0,Travel_Rarely,1179,Sales,2,3,Medical,4,Male,73,3,2,Sales Executive,4,Married,7847,6069,1,Yes,17,3,1,1,10,3,3,10,9,8,8
32,0,Non-Travel,953,Research & Development,5,4,Technical Degree,2,Male,65,3,1,Research Scientist,2,Single,2718,17674,2,No,14,3,2,0,12,3,3,7,7,0,7
31,0,Travel_Frequently,754,Sales,26,4,Marketing,1,Male,63,3,2,Sales Executive,4,Married,5617,21075,1,Yes,11,3,3,0,10,4,3,10,7,0,8
31,0,Non-Travel,697,Research & Development,10,3,Medical,3,Female,40,3,3,Research Director,3,Married,11031,26862,4,No,20,4,3,1,13,2,4,11,7,4,8
31,0,Travel_Rarely,311,Research & Development,20,3,Life Sciences,2,Male,89,3,2,Laboratory Technician,3,Divorced,4197,18624,1,No,11,3,1,1,10,2,3,10,8,0,2
50,0,Travel_Frequently,878,Sales,1,4,Life Sciences,2,Male,94,3,2,Sales Executive,3,Divorced,6728,14255,7,No,12,3,4,2,12,3,3,6,3,0,1
31,0,Travel_Rarely,1276,Research & Development,2,1,Medical,4,Female,59,1,1,Laboratory Technician,4,Divorced,1129,17536,1,Yes,11,3,3,3,1,4,3,1,0,0,0
29,1,Travel_Frequently,459,Research & Development,24,2,Life Sciences,4,Male,73,2,1,Research Scientist,4,Single,2439,14753,1,Yes,24,4,2,0,1,3,2,1,0,1,0
54,0,Travel_Rarely,431,Research & Development,7,4,Medical,4,Female,68,3,2,Research Scientist,4,Married,6854,15696,4,No,15,3,2,1,14,2,2,7,1,1,7
39,0,Non-Travel,105,Research & Development,9,3,Life Sciences,4,Male,87,3,5,Manager,4,Single,19431,15302,2,No,13,3,3,0,21,3,2,6,0,1,3
27,0,Travel_Rarely,954,Sales,9,3,Marketing,4,Male,44,3,2,Sales Executive,4,Single,4105,5099,1,No,14,3,1,0,7,5,3,7,7,0,7
27,0,Travel_Frequently,1297,Research & Development,5,2,Life Sciences,4,Female,53,3,1,Laboratory Technician,4,Single,2379,19826,0,Yes,14,3,3,0,6,3,2,5,4,0,2
55,0,Travel_Rarely,478,Research & Development,2,3,Medical,3,Male,60,2,5,Research Director,1,Married,19038,19805,8,No,12,3,2,3,34,2,3,1,0,0,0
55,0,Travel_Rarely,685,Sales,26,5,Marketing,3,Male,60,2,5,Manager,4,Married,19586,23037,1,No,21,4,3,1,36,3,3,36,6,2,13
35,0,Non-Travel,1180,Research & Development,2,2,Medical,2,Male,90,3,2,Manufacturing Director,4,Divorced,5762,24442,2,No,14,3,3,1,15,6,3,7,7,1,7
29,1,Travel_Rarely,428,Sales,9,3,Marketing,2,Female,52,1,1,Sales Representative,2,Single,2760,14630,1,No,13,3,3,0,2,3,3,2,2,2,2
29,0,Travel_Rarely,590,Research & Development,4,3,Technical Degree,4,Female,91,2,1,Research Scientist,1,Divorced,2109,10007,1,No,13,3,3,1,1,2,3,1,0,0,0
43,0,Travel_Frequently,807,Research & Development,17,3,Technical Degree,3,Male,38,2,1,Research Scientist,3,Married,2437,15587,9,Yes,16,3,4,1,6,4,3,1,0,0,0
29,0,Travel_Frequently,461,Research & Development,1,3,Life Sciences,4,Male,70,4,2,Healthcare Representative,3,Single,6294,23060,8,Yes,12,3,4,0,10,5,4,3,2,0,2
38,0,Non-Travel,1336,Human Resources,2,3,Human Resources,1,Male,100,3,1,Human Resources,2,Divorced,2592,7129,5,No,13,3,4,3,13,3,3,11,10,3,8
36,0,Travel_Rarely,559,Research & Development,12,4,Life Sciences,3,Female,76,3,2,Manufacturing Director,3,Married,4663,12421,9,Yes,12,3,2,2,7,2,3,3,2,1,1
51,0,Travel_Rarely,942,Research & Development,3,3,Technical Degree,1,Female,53,3,3,Manager,3,Married,13116,22984,2,No,11,3,4,0,15,2,3,2,2,2,2
34,0,Travel_Frequently,653,Research & Development,10,4,Technical Degree,4,Male,92,2,2,Healthcare Representative,3,Married,5063,15332,1,No,14,3,2,1,8,3,2,8,2,7,7
49,0,Travel_Frequently,1023,Sales,2,3,Medical,4,Male,63,2,2,Sales Executive,2,Married,5390,13243,2,No,14,3,4,0,17,3,2,9,6,0,8
50,0,Travel_Frequently,333,Research & Development,22,5,Medical,3,Male,88,1,4,Research Director,4,Single,14411,24450,1,Yes,13,3,4,0,32,2,3,32,6,13,9
32,0,Travel_Rarely,267,Research & Development,29,4,Life Sciences,3,Female,49,2,1,Laboratory Technician,2,Single,2837,15919,1,No,13,3,3,0,6,3,3,6,2,4,1
48,0,Travel_Frequently,365,Research & Development,4,5,Medical,3,Male,89,2,4,Manager,4,Married,15202,5602,2,No,25,4,2,1,23,3,3,2,2,2,2
40,0,Non-Travel,1142,Research & Development,8,2,Life Sciences,4,Male,72,3,2,Healthcare Representative,4,Divorced,4069,8841,3,Yes,18,3,3,0,8,2,3,2,2,2,2
42,0,Non-Travel,335,Research & Development,23,2,Life Sciences,4,Male,37,2,2,Research Scientist,3,Single,4332,14811,1,No,12,3,4,0,20,2,3,20,9,3,7
32,0,Travel_Frequently,585,Research & Development,10,3,Life Sciences,1,Male,56,3,1,Research Scientist,3,Married,3433,17360,6,No,13,3,1,1,10,3,2,5,2,1,3
43,0,Travel_Frequently,1422,Sales,2,4,Life Sciences,1,Male,92,3,2,Sales Executive,4,Married,5675,19246,1,No,20,4,3,1,7,5,3,7,7,7,7
26,0,Travel_Rarely,482,Research & Development,1,2,Life Sciences,2,Female,90,2,1,Research Scientist,3,Married,2933,14908,1,Yes,13,3,3,1,1,3,2,1,0,1,0
38,0,Travel_Rarely,903,Research & Development,2,3,Medical,3,Male,81,3,2,Manufacturing Director,2,Married,4855,7653,4,No,11,3,1,2,7,2,3,5,2,1,4
27,0,Travel_Rarely,155,Research & Development,4,3,Life Sciences,2,Male,87,4,2,Manufacturing Director,2,Married,6142,5174,1,Yes,20,4,2,1,6,0,3,6,2,0,3
32,0,Travel_Rarely,234,Sales,1,4,Medical,2,Male,68,2,1,Sales Representative,2,Married,2269,18024,0,No,14,3,2,1,3,2,3,2,2,2,2
30,0,Travel_Rarely,945,Sales,9,3,Medical,2,Male,89,3,1,Sales Representative,4,Single,1081,16019,1,No,13,3,3,0,1,3,2,1,0,0,0
31,0,Travel_Rarely,196,Sales,29,4,Marketing,1,Female,91,2,2,Sales Executive,4,Married,5468,13402,1,No,14,3,1,2,13,3,3,12,7,5,7
44,0,Travel_Frequently,429,Research & Development,1,2,Medical,3,Male,99,3,1,Research Scientist,2,Divorced,2342,11092,1,Yes,12,3,3,3,6,2,2,5,3,2,3
38,0,Travel_Frequently,508,Research & Development,6,4,Life Sciences,1,Male,72,2,2,Manufacturing Director,3,Married,5321,14284,2,No,11,3,4,1,10,1,3,8,3,7,7
44,0,Travel_Rarely,136,Research & Development,28,3,Life Sciences,4,Male,32,3,4,Research Director,1,Married,16328,22074,3,No,13,3,3,1,24,1,4,20,6,14,17
43,0,Travel_Rarely,1291,Research & Development,15,2,Life Sciences,3,Male,65,2,4,Research Director,3,Married,17603,3525,1,No,24,4,1,1,14,3,3,14,10,6,11
33,0,Travel_Rarely,211,Sales,16,3,Life Sciences,1,Female,74,3,3,Sales Executive,1,Single,8564,10092,2,Yes,20,4,3,0,11,2,2,0,0,0,0
42,0,Travel_Rarely,1210,Research & Development,2,3,Medical,3,Male,68,2,1,Laboratory Technician,2,Married,4841,24052,4,No,14,3,2,1,4,3,3,1,0,0,0
36,0,Travel_Rarely,430,Research & Development,2,4,Other,4,Female,73,3,2,Research Scientist,2,Married,6962,19573,4,Yes,22,4,4,1,15,2,3,1,0,0,0
21,0,Travel_Rarely,546,Research & Development,5,1,Medical,3,Male,97,3,1,Research Scientist,4,Single,3117,26009,1,No,18,3,3,0,3,2,3,2,2,2,2
38,0,Travel_Rarely,833,Research & Development,18,3,Medical,2,Male,60,1,2,Healthcare Representative,4,Married,5811,24539,3,Yes,16,3,3,1,15,2,3,1,0,1,0
38,0,Travel_Frequently,148,Research & Development,2,3,Medical,4,Female,42,2,1,Laboratory Technician,2,Single,2440,23826,1,No,22,4,2,0,4,3,3,4,3,3,3
32,0,Travel_Rarely,414,Sales,2,4,Marketing,3,Male,82,2,2,Sales Executive,2,Single,9907,26186,7,Yes,12,3,3,0,7,3,2,2,2,2,2
34,0,Travel_Frequently,234,Research & Development,9,4,Life Sciences,4,Male,93,3,2,Laboratory Technician,1,Married,5346,6208,4,No,17,3,3,1,11,3,2,7,1,0,7
38,0,Travel_Frequently,1394,Research & Development,8,3,Medical,4,Female,58,2,2,Research Scientist,2,Divorced,2133,18115,1,Yes,16,3,3,1,20,3,3,20,11,0,7
34,0,Travel_Rarely,1351,Research & Development,1,4,Life Sciences,2,Male,45,3,2,Research Scientist,4,Married,5484,13008,9,No,17,3,2,1,9,3,2,2,2,2,1
35,0,Travel_Rarely,1370,Research & Development,27,4,Life Sciences,4,Male,49,3,2,Manufacturing Director,3,Married,6883,5151,2,No,16,3,2,1,17,3,3,7,7,0,7
27,0,Travel_Rarely,511,Sales,2,2,Medical,1,Female,89,4,2,Sales Executive,3,Single,6500,26997,0,No,14,3,2,0,9,5,2,8,7,0,7
27,0,Travel_Rarely,486,Research & Development,8,3,Medical,2,Female,86,4,1,Research Scientist,3,Married,3517,22490,7,No,17,3,1,0,5,0,3,3,2,0,2
33,0,Non-Travel,1283,Sales,2,3,Marketing,4,Female,62,3,2,Sales Executive,2,Single,5147,10697,8,No,15,3,4,0,13,2,2,11,7,1,7
28,0,Travel_Rarely,1083,Research & Development,29,1,Life Sciences,3,Male,96,1,2,Manufacturing Director,2,Married,6549,3173,1,No,14,3,2,2,8,2,2,8,6,1,7
35,0,Travel_Rarely,1402,Sales,28,4,Life Sciences,2,Female,98,2,1,Sales Representative,3,Married,2430,26204,0,No,23,4,1,2,6,5,3,5,3,4,2
47,0,Travel_Rarely,1225,Sales,2,4,Life Sciences,2,Female,47,4,4,Manager,2,Divorced,15972,21086,6,No,14,3,3,3,29,2,3,3,2,1,2
36,0,Non-Travel,1351,Research & Development,9,4,Life Sciences,1,Male,66,4,1,Laboratory Technician,2,Married,2810,9238,1,No,22,4,2,0,5,3,3,5,4,0,2
33,0,Travel_Rarely,267,Research & Development,21,3,Medical,2,Male,79,4,1,Laboratory Technician,2,Married,2028,13637,1,No,18,3,4,3,14,6,3,14,11,2,13
33,0,Non-Travel,530,Sales,16,3,Life Sciences,3,Female,36,3,2,Sales Executive,4,Divorced,5368,16130,1,Yes,25,4,3,1,7,2,3,6,5,1,2
39,0,Travel_Rarely,1462,Sales,6,3,Medical,4,Male,38,4,3,Sales Executive,3,Married,8237,4658,2,No,11,3,1,1,11,3,3,7,6,7,6
49,0,Travel_Rarely,1313,Sales,11,4,Marketing,4,Female,80,3,2,Sales Executive,4,Single,4507,8191,3,No,12,3,3,0,8,1,4,5,1,0,4
34,0,Travel_Rarely,1440,Sales,7,2,Technical Degree,2,Male,55,3,1,Sales Representative,3,Married,2308,4944,0,Yes,25,4,2,1,12,4,3,11,10,5,7
39,0,Travel_Rarely,492,Research & Development,12,3,Medical,4,Male,66,3,2,Manufacturing Director,2,Married,5295,7693,4,No,21,4,3,0,7,3,3,5,4,1,0
48,0,Travel_Rarely,1224,Research & Development,10,3,Life Sciences,4,Male,91,2,5,Research Director,2,Married,19665,13583,4,No,12,3,4,0,29,3,3,22,10,12,9
41,0,Travel_Rarely,918,Sales,6,3,Marketing,4,Male,35,3,3,Sales Executive,3,Single,9241,15869,1,No,12,3,2,0,10,3,3,10,8,8,7
40,0,Travel_Rarely,898,Human Resources,6,2,Medical,3,Male,38,3,4,Manager,4,Single,16437,17381,1,Yes,21,4,4,0,21,2,3,21,7,7,7
35,0,Non-Travel,208,Research & Development,8,4,Life Sciences,3,Female,52,3,2,Healthcare Representative,3,Married,4148,12250,1,No,12,3,4,1,15,5,3,14,11,2,9
38,0,Travel_Rarely,1206,Research & Development,9,2,Life Sciences,2,Male,71,3,1,Research Scientist,4,Divorced,4771,14293,2,No,19,3,4,2,10,0,4,5,2,0,3
30,0,Travel_Rarely,911,Research & Development,1,2,Medical,4,Male,76,3,1,Laboratory Technician,2,Married,3748,4077,1,No,13,3,3,0,12,6,2,12,8,1,7
24,0,Travel_Frequently,567,Research & Development,2,1,Technical Degree,1,Female,32,3,1,Research Scientist,4,Single,3760,17218,1,Yes,13,3,3,0,6,2,3,6,3,1,3
42,0,Travel_Frequently,288,Research & Development,2,3,Life Sciences,4,Male,40,3,3,Healthcare Representative,4,Married,10124,18611,2,Yes,14,3,3,1,24,3,1,20,8,13,9
38,0,Travel_Rarely,437,Sales,16,3,Life Sciences,2,Female,90,3,2,Sales Executive,2,Single,4198,16379,2,No,12,3,2,0,8,5,4,3,2,1,2
41,0,Travel_Rarely,1206,Sales,23,2,Life Sciences,4,Male,80,3,3,Sales Executive,3,Single,7082,11591,3,Yes,16,3,4,0,21,2,3,2,0,0,2
50,0,Travel_Rarely,813,Research & Development,17,5,Life Sciences,4,Female,50,2,3,Research Director,1,Divorced,13269,21981,5,No,15,3,3,3,19,3,3,14,11,1,11
